parameters,ess,rhat,ess_per_sec
c,4688.999169919854,1.0011136652639696,66.81770362972887
σ,4535.875977696602,1.000126432885579,64.6357155964518
