parameters,ess,rhat,ess_per_sec
c,7734.690936007588,1.000711912249104,162.31618685485577
σ,8147.7808205394085,1.0011320206098064,170.98507555904072
