parameters,ess,rhat,ess_per_sec
c,6284.479264142794,1.001262546863905,98.15204698167666
σ,6031.914135232312,1.000975080979978,94.20744260686436
