parameters,ess,rhat,ess_per_sec
c,3682.564717959323,1.0007312249829001,110.6207485118451
σ,3836.324153527073,1.0006228094624916,115.2395360026156
