parameters,ess,rhat,ess_per_sec
c,4838.240829706657,1.001403943463592,359.5601092231463
σ,4374.681303266959,1.0003670824014403,325.11008496335904
