parameters,ess,rhat,ess_per_sec
c,5657.380476311731,1.0007059032494496,2988.5792267890815
σ,4334.645451426968,1.0007595156056306,2289.8285533158837
