parameters,ess,rhat,ess_per_sec
c,4340.5942162976235,1.0016749123491735,2922.959068213888
σ,4246.838384254359,1.0016738014905642,2859.823827780713
