parameters,ess,rhat,ess_per_sec
c,7029.254905167475,0.9998029227291922,4209.134673752979
σ,7262.854189015586,1.0003441221111387,4349.01448444047
