parameters,ess,rhat,ess_per_sec
c,5771.092309368457,1.0006585922591642,297.40233493266976
σ,5335.442591759887,1.000553180945473,274.9519501035757
