parameters,ess,rhat,ess_per_sec
c,4540.596637626263,1.0004096319758933,605.816762858741
σ,4309.1062088417575,1.0003390830468013,574.9307817000343
