parameters,ess,rhat,ess_per_sec
c,4043.299709023085,1.0008300104846348,55.377046991304205
σ,3361.5266656602685,1.0006515616585339,46.03948099899018
