parameters,ess,rhat,ess_per_sec
c,4632.935848537047,1.0024096409710554,1968.1120851899093
σ,4399.891668809532,1.0010841460753077,1869.1128584577452
