parameters,ess,rhat,ess_per_sec
c,7647.164423497059,1.0006607207018692,2214.6436210533043
σ,7036.3146455886945,0.9999231969553253,2037.7395440453793
