parameters,ess,rhat,ess_per_sec
c,5894.011108586343,1.000628364527096,77.75124803559538
σ,5099.404099647251,1.0011527119043264,67.26913568381462
