parameters,ess,rhat,ess_per_sec
c,4291.267210884681,1.0017719551466466,48.527826967224335
σ,4256.254552955389,1.000429999755515,48.13188606628356
