parameters,ess,rhat,ess_per_sec
c,7589.25692560266,1.0006744837535264,660.3373292963247
σ,8480.18848151997,1.0003113702639677,737.8568242860846
