parameters,ess,rhat,ess_per_sec
c,2501.435640899328,1.0011543809117796,0.29686737121117385
σ,2603.3541410129023,1.0013630157544975,0.3089629361386907
