parameters,ess,rhat,ess_per_sec
c,4507.489431914171,1.0005232400048272,648.2797974851389
σ,3757.033504359543,1.000916257193263,540.3471169796552
