parameters,ess,rhat,ess_per_sec
c,2049.1056461977746,1.0014044295607172,58.951800863021795
σ,1920.146083925107,1.0013993683214213,55.241695213472966
