parameters,ess,rhat,ess_per_sec
c,3014.5580858418225,1.0007143069216422,72.7433721638431
σ,2682.8672006141023,1.0009387186873344,64.73944163060983
