parameters,ess,rhat,ess_per_sec
c,3732.41334331159,1.0008803847100969,64.2743816654312
σ,2960.268250794245,1.002048291029468,50.97758310305226
