parameters,ess,rhat,ess_per_sec
c,5213.348515968825,1.0006945708514134,271.59929752377315
σ,4718.403532323636,1.0004712370105648,245.8141980892751
