parameters,ess,rhat,ess_per_sec
c,7256.997674396187,1.0000514953116817,683.5262008473379
σ,7566.881919060779,0.9999430200050106,712.7137533258716
