parameters,ess,rhat,ess_per_sec
c,4095.9896576307733,1.0004429994023403,106.56926389048454
σ,3291.5026476715416,1.0004817857049726,85.63815916928688
