parameters,ess,rhat,ess_per_sec
c,6985.976597457911,1.001872736871606,307.07589439375437
σ,6840.135554569151,1.0005754441983479,300.6652991019407
