parameters,ess,rhat,ess_per_sec
c,6962.092455773364,1.0004265442982914,56.340372056561066
σ,6354.800462284563,1.0022786939731547,51.425893101063046
