parameters,ess,rhat,ess_per_sec
c,4205.941702657805,1.0004023195791913,280.22797672448564
σ,3088.7824195347644,1.0013147134602947,205.79535075852917
