parameters,ess,rhat,ess_per_sec
c,3718.7200145805205,1.0005401400766802,322.02286236409077
σ,3729.5888217273337,1.0000653214853854,322.9640476036832
