parameters,ess,rhat,ess_per_sec
c,5594.149705122144,1.0014857520678957,127.74947945015172
σ,5777.369257581417,1.0002859016190777,131.93352951773045
