parameters,ess,rhat,ess_per_sec
c,7365.844516244278,1.0016224480659675,160.85790911411146
σ,6579.34547209478,1.0002338987579658,143.68206573551092
