parameters,ess,rhat,ess_per_sec
c,5457.523330378801,1.0011140404393994,267.3029010324142
σ,4092.9525875804015,1.0002675110293753,200.46787420191023
