parameters,ess,rhat,ess_per_sec
c,7107.737858401414,1.0011531075737372,402.02137208152794
σ,8239.351450945642,1.0006566694237709,466.02666577746845
