parameters,ess,rhat,ess_per_sec
c,2162.621498307245,1.0014414664953961,287.77398513735795
σ,2392.470896860938,1.0012885002414835,318.35940077989864
