parameters,ess,rhat,ess_per_sec
c,8295.506297972139,1.0008117194651653,93.38000695632557
σ,7815.945640954657,1.0002848772692923,87.98173759460869
