parameters,ess,rhat,ess_per_sec
c,4497.501333199728,1.0003304912348316,469.3208111447071
σ,4148.115130894209,1.0004976158539534,432.8618523316507
