parameters,ess,rhat,ess_per_sec
c,6886.801637050931,1.0010242975717771,95.88440684243334
σ,6952.5563938676905,1.000520191278636,96.79990523874598
