parameters,ess,rhat,ess_per_sec
c,4097.369620985782,1.000537378883699,1109.4962418049774
σ,3362.066500834242,1.0017675045104744,910.3889793756409
