parameters,ess,rhat,ess_per_sec
c,3493.0815369487004,1.0027986471029748,15.441354886253405
σ,3439.33932863783,1.0010895867793503,15.203784562709224
