parameters,ess,rhat,ess_per_sec
c,7768.072376079233,1.000327757637424,109.28018085756617
σ,7283.434976981938,1.0001973479353508,102.46236814166251
