parameters,ess,rhat,ess_per_sec
c,5133.351053914769,1.0008731349175344,83.96059950792883
σ,4100.095900795471,1.0015268733856963,67.06077691847351
